<?xml version="1.0" encoding="UTF-8"?>
<beans xmlns="http://www.springframework.org/schema/beans"
xmlns:xsi="http://www.w3.org/2001/XMLSchema-instance" 
xmlns:jaxws="http://cxf.apache.org/jaxws"
xmlns:soap="http://cxf.apache.org/bindings/soap"
	xmlns:context="http://www.springframework.org/schema/context"
	xmlns:aop="http://www.springframework.org/schema/aop"
	xmlns:tx="http://www.springframework.org/schema/tx"
xsi:schemaLocation="http://www.springframework.org/schema/beans 
					http://www.springframework.org/schema/beans/spring-beans.xsd
					http://cxf.apache.org/bindings/soap 
					http://cxf.apache.org/schemas/configuration/soap.xsd
					http://cxf.apache.org/jaxws 
					http://cxf.apache.org/schemas/jaxws.xsd
					http://www.springframework.org/schema/context
						http://www.springframework.org/schema/context/spring-context.xsd
						http://www.springframework.org/schema/aop
						http://www.springframework.org/schema/aop/spring-aop.xsd
						http://www.springframework.org/schema/tx 
						http://www.springframework.org/schema/tx/spring-tx.xsd
					">
	<!-- 引入CXF Bean定义如下,早期的版本中使用 -->
	<import resource="classpath:META-INF/cxf/cxf.xml" />
	<import resource="classpath:META-INF/cxf/cxf-extension-soap.xml" />
	<import resource="classpath:META-INF/cxf/cxf-servlet.xml" />
	
	<!-- 配置数据源 -->
	<bean id="dataSource" class="org.springframework.jdbc.datasource.DriverManagerDataSource">
		<property name="driverClassName" value="com.mysql.jdbc.Driver"/>
		<property name="url" value="jdbc:mysql:///crm_heima_32"/>
		<property name="username" value="root"/>
		<property name="password" value="64432956"/>
	</bean>
	
	<!-- 事务管理器 -->
	<bean id="txManager" class="org.springframework.jdbc.datasource.DataSourceTransactionManager">
		<property name="dataSource" ref="dataSource"/>
	</bean>
	
	<!-- 支持事务注解 -->
	<tx:annotation-driven transaction-manager="txManager"/>
	
	<bean id="jdbcTemplate" class="org.springframework.jdbc.core.JdbcTemplate">
		<property name="dataSource" ref="dataSource"/>
	</bean>
	
	<bean id="customerService" class="com.itheima.service.CustomerServiceImpl">
		<property name="jdbcTemplate" ref="jdbcTemplate"/>
	</bean>
	
	<!-- 注册服务 -->
	<jaxws:server id="myService" address="/customer">
		<jaxws:serviceBean>
			<ref bean="customerService"/>
		</jaxws:serviceBean>
	</jaxws:server>
</beans>

